Case,Loation,Date,Summary,Fatalities,Injured,Victims,Location,Age,prior_signs_mental_health_issues,weapons_obtained_legally,weapon_type,Race,Gender,Latitude,Longitude,Type,Year,Percentage
Sacramento County church shooting,"Sacramento, California",28/02/2022,"""A man believed to be meeting his three children for a supervised visit at a church just outside Sacramento on Monday afternoon fatally shot the children and an adult accompanying them before killing himself, police officials said. Sheriff Scott Jones of Sacramento County told reporters at the scene that the gunman had a restraining order against him, and that he had to have supervised visits with his children, who were younger than 15."" (NYTimes)",4,0,4,Religious,0,Unclear,Unknown,Unknown,Unknown,Male,38.60111019,-121.4189659,Mass,2022,0.793650794
Oxford High School shooting,"Oxford, Michigan",30/11/2021,"Ethan Crumbley, a 15-year-old student at Oxford High School, opened fire with a Sig Sauer 9mm pistol purchased four days earlier by his father, and was apprehended by police shortly thereafter. Prosecutors filed charges against Crumbley for terrorism and first-degree murder.",4,7,11,School,15,Unclear,Unknown,semiautomatic handgun,Unknown,Male,42.84410784,-83.25992831,Mass,2021,0.793650794
San Jose VTA shooting,"San Jose, California",26/05/2021,"Samuel Cassidy, 57, a Valley Transportation Authorty employee, opened fire at a union meeting at the light rail facility, soon also fatally shooting himself at the scene. Before the attack, Cassidy had set fire to his own house, where he also had firearms and a stockpile of ammunition. His legal history included his ex-wife filing a restraining order against him in 2009.",9,0,9,Workplace,57,Yes,Unknown,semiautomatic handguns,Unknown,Male,37.316097,-121.888533,Mass,2021,0.793650794
FedEx warehouse shooting,"Indianapolis, Indiana",15/04/2021,"Brandon Scott Hole, 19, opened fire around 11 p.m. in the parking lot and inside the warehouse, and then shot himself fatally as police responded to the scene.",8,7,15,Workplace,19,Yes,Yes,semiautomatic rifle,White,Male,39.68663,-86.32313,Mass,2021,0.793650794
Orange office complex shooting,"Orange, California",31/03/2021,"Aminadab Gaxiola Gonzalez, 44, allegedly opened fire inside a small business at an office complex, killing at least four victims, including a nine-year-old boy, before being wounded in a confrontation with police and taken into custody. According to law enforcement officials, Gonzalez had chained the front and rear gates to the complex with bicycle cable locks to hinder police response.",4,1,5,Workplace,0,Unclear,Unknown,semiautomatic handgun,Unknown,Male,33.83542,-117.85379,Mass,2021,0.793650794
Boulder supermarket shooting,"Boulder, Colorado",22/03/2021,"Ahmad Al Aliwi Alissa, 21, carried out a mass shooting at a King Soopers that left 10 victims dead, including veteran police officer Eric Talley, who was the first officer to respond on the scene. Alissa was wounded by police and taken into custody.",10,0,10,Workplace,21,Yes,Yes,"semiautomatic rifle, semiautomatic handgun; tactical vest",Unknown,Male,39.986961,-105.251168,Mass,2021,0.793650794
Atlanta massage parlor shootings,"Atlanta, Georgia",16/03/2021,"Robert Aaron Long, 21, killed eight people at three massage parlors. An additional victim was injured. Six of the deceased victims were women of Asian descent. According to law enforcement officials, Long, who is white, made claims in custody about having sexual addiction issues, and had frequented the massage parlors. He also spoke of intent to attack additional locations in Florida.",8,1,9,Workplace,21,Unclear,Unknown,Unknown,White,Male,34.111653,-84.580376,Spree,2021,0.793650794
Springfield convenience store shooting,"Springfield, Missouri",16/03/2020,"Joaquin S. Roman, 31, went on a rampage culminating at a Kum & Go, killing four people, including a police officer, before fatally shooting himself on the scene.",4,0,4,Workplace,31,Unclear,Unknown,Unknown,Unknown,Male,37.210432,-93.23686,Mass,2020,0.793650794
Molson Coors shooting,"Milwaukee, Wisconsin",26/02/2020,"Anthony Ferrill, 51, an employee armed with two handguns, including one with a silencer, opened fire on the Milwaukee campus of the beer company, killing five people and then committing suicide. According to the Milwaukee Journal Sentinel, Ferrill ""had been involved in a long-running dispute with a co-worker that boiled over"" in the run-up to the attack.",5,0,5,Workplace,51,Unclear,Unknown,semiautomatic handgun,Black,Male,43.044511,-87.962537,Mass,2020,0.793650794
Jersey City kosher market shooting,"Jersey City, New Jersey",10/12/2019,"David N. Anderson, 47, and Francine Graham, 50, were heavily armed and traveling in a white van when they first killed a police officer in a cemetery, and then opened fire at a kosher market, “fueled both by anti-Semitism and anti-law enforcement beliefs,” according to New Jersey authorities. The pair, linked to the antisemitic ideology of the Black Hebrew Israelites extremist group, were killed after a lenghty gun battle with police at the market.",4,3,7,Other,100,Unclear,Unknown,Unknown,Black,Male & Female,40.707363,-74.083609,Spree,2019,0.793650794
Pensacola Naval base shooting,"Pensacola, Florida",6/12/2019,"Ahmed Mohammed al-Shamrani, A Saudi Arabian military pilot training in the United States, opened fire just before 7 a.m. in an air station classroom. He was soon shot and killed by responding Florida sheriff’s deputies.",3,8,11,Military,0,Unclear,Unknown,semiautomatic handgun,Unknown,Male,30.364707,-87.288567,Mass,2019,0.793650794
Odessa-Midland shooting spree,"Odessa, Texas",31/08/2019,"Seth A. Ator, 36, fired at police officers who stopped him for a traffic violation, and then went on a driving rampage in the Odessa-Midland region, where he also shot a postal worker and stole her vehicle. He was shot dead by law enforcement responding to the rampage. Ator had been fired from a job just prior to the attack (though per the FBI he had shown up to that job ""already enraged""). He had a criminal record and ""a long history of mental problems and making racist comments,"" according to a family friend who spoke to the media.",7,25,32,Other,36,Yes,Unknown,semiautomatic rifle,White,Male,31.925974,-102.2796,Spree,2019,0.793650794
Dayton entertainment district shooting,"Dayton, Ohio",4/08/2019,"Connor Betts, 24, died during the attack, following a swift police response. He wore tactical gear including body armor and hearing protection, and had an ammunition device capable of holding 100 rounds. Betts had a history of threatening behavior dating back to high school, including reportedly having hit lists targeting classmates for rape and murder.",9,27,36,Other,24,Unclear,Yes,semiautomatic rifle,White,Male,39.757312,-84.184947,Mass,2019,0.793650794
El Paso Walmart mass shooting,"El Paso, Texas",3/08/2019,"Patrick Crusius, 21, who was apprehended by police, posted a so-called manifesto online shortly before the attack espousing ideas of violent white nationalism and hatred of immigrants. ""This attack is a response to the Hispanic invasion of Texas,"" he allegedly wrote in the document.",22,26,48,Workplace,21,Unclear,Yes,semiautomatic rifle,White,Male,31.771068,-106.375655,Mass,2019,0.793650794
Gilroy garlic festival shooting,"Gilroy, California",28/07/2019,"Santino William LeGan, 19, fired indiscriminately into the crowd near a concert stage at the festival. He used an AK-47-style rifle, purchased legally in Nevada three weeks earlier. After apparently pausing to reload, he fired additional multiple rounds before police shot him and then he killed himself. A witness described overhearing someone shout at LeGan, ""Why are you doing this?"" LeGan, who wore camouflage and tactical gear, replied: “Because I'm really angry."" The murdered victims included a 13-year-old girl, a man in his 20s, and six-year-old Stephen Romero.",3,12,15,Other,19,TBD,Yes,semiautomatic rifle,Unknown,Male,36.997191,-121.584819,Mass,2019,0.793650794
Virginia Beach municipal building shooting,"Virginia Beach, Virginia",31/05/2019,"DeWayne Craddock, 40, a municipal city worker wielding handguns, a suppressor and high-capacity magazines, killed en masse inside a Virginia Beach muncipal building late in the day on a Friday, before dying in a prolonged gun battle with police. Craddock reportedly had submitted his resignation from his job that morning. He was a veteran of the Virginia Army National Guard, and ""had a shaved head, bodybuilder’s physique and cameras in the windows of his house on a peaceful cul-de-sac,"" according to the Washington Post.",12,4,16,Workplace,40,TBD,Yes,2 handguns,Black,Male,36.75442,-76.060378,Mass,2019,0.793650794
Harry Pratt Co. warehouse shooting,"Aurora, Illinois",15/02/2019,"Gary Martin, 45, went on a rampage inside the warehouse in response to being fired from his job and died soon thereafter in a shootout with police. Among his victims were five dead coworkers and five injured police officers. Martin had a felony record and lengthy history of domestic violence; he was able to obtain a gun despite having had his Illinois firearms ownership identification card revoked. According to a report from prosecutors, Martin told a co-worker the morning of the shooting that if he was fired he was going to kill employees and police.",5,6,11,Workplace,45,Yes,No,handgun,Black,Male,41.753725,-88.331057,Mass,2019,0.793650794
Pennsylvania hotel bar shooting,"State College, Pennsylvania",24/01/2019,"Jordan Witmer, 21, shot three people at a Ramada Hotel bar near Penn State University, including a former girlfriend he was there with. He then fled the bar, crashed his car about a mile away, and stormed into a random house, fatally shooting an elderly resident and then himself. Witmer, who had a legal carry permit for his handgun, had just finished a three-year stint in the US Army; ten days prior to the attack he had been convicted on drunk driving-related charges in Kentucky, where he'd been stationed. ",3,1,4,Other,21,Unclear,Yes,handgun,White,Male,40.785142,-77.839411,Spree,2019,0.793650794
SunTrust bank shooting,"Sebring, Florida",23/01/2019,"Zephen A. Xaver, 21, fatally shot five women inside a bank and then called the police to confess. He was armed with a handgun and wore a bulletproof vest. He reportedly ordered the women to lie down on the floor and shot them execution-style. After a standoff with police, he surrendered and was taken into custody. A week prior, Xaver had quit a job as a prison guard trainee, and authorities said they believed the shooting was ""a random act"" and that roberry did not appear to be a motive. An ex-girlfriend in Indiana told local media she'd been “scared for years” by Xaver’s talk of violence and death, but that her warnings to others (who she did not identify) were not taken seriously. She said she’d first met Xaver in a psychiatric hospital in 2013. In March 2017, Michigan State Police documented an incident in which Xaver indicated he was “possibly thinking of suicide by cop and taking hostages.""",5,0,5,Workplace,21,Yes,Yes,handgun,White,Male,27.471043,-81.45847,Mass,2019,0.793650794
Mercy Hospital shooting,"Chicago, Illinois",19/11/2018,"Juan Lopez, 32, confronted his former fiancé, ER doctor Tamara O'Neal, before shooting her and opening fire on others at the hospital, including a responding police officer, Samuel Jimenez, and a pharmacy employee, Dayna Less. Lopez was fatally shot by a responding SWAT officer. Lopez had a history of domestic abuse against an ex-wife, and was kicked out of a fire department training academy for misconduct against female cadets.",3,0,3,Workplace,32,Unclear,Unknown,semiautomatic handgun,Latino,Male,41.847667,-87.622009,Mass,2018,0.793650794
Thousand Oaks nightclub shooting,"Thousand Oaks, California",7/11/2018,"Ian David Long, 28, dressed in black and armed with a handgun and a “smoke device,” approached the Borderline Bar & Grill — a country music venue popular with college students — close to midnight and opened fire, killing a security guard and then others in the club, including a sheriff’s deputy responding to the attack. Long was found dead at the scene from apparent suicide. He was a former Marine and had a history of interactions with local law enforcement, including a mental health evaluation in which he’d been cleared.",12,22,34,Other,28,Yes,Yes,semiautomatic handgun,Unknown,Male,34.176946,-118.874793,Mass,2018,0.793650794
Tree of Life synagogue shooting,"Pittsburgh, Pennsylvania",27/10/2018,"Robert D. Bowers, 46, shouted anti-Semitic slurs as he opened fire inside the Tree of Life synagogue during Saturday morning worship. He was armed with an assault rifle and multiple handguns and was apprehended after a standoff with police. His social media accounts contained virulent anti-Semitic content, and references to migrant caravan ""invaders"" hyped by President Trump and the Republican party ahead of the 2018 midterms elections.",11,6,17,Religious,46,Unclear,Yes,semiautomatic rifle; semiautomatic handguns,White,Male,40.443898,-79.921398,Mass,2018,0.793650794
Rite Aid warehouse shooting,"Perryman, Maryland",20/09/2018,"Snochia Moseley, 26, reportedly a disgruntled employee, shot her victims outside the building and on the warehouse floor; she later died from a self-inflicted gunshot at a nearby hospital. (No law enforcement officers responding to her attack fired shots.)",3,3,6,Workplace,26,Unclear,Yes,semiautomatic handgun,Black,Female,39.455658,-76.208485,Mass,2018,0.793650794
T&T Trucking shooting,"Bakersfield, California",12/09/2018,"Javier Casarez, 54, who was going through a bitter divorce, went on a shooting spree targeting his ex-wife and former coworkers at the trucking company. His attack included fatally shooting one victim who he pursued to a nearby sporting goods retailer, and two others at a private residence. After then carjacking a woman who was driving with a child (and letting the two go), Casarez fatally shot himself as law enforcement officials closed in on him.",5,0,5,Workplace,54,Unclear,Yes,handgun,Latino,Male,35.349388,-118.916335,Spree,2018,0.793650794
Fifth Third Center shooting,"Cincinnati, Ohio",6/09/2018,"Omar Enrique Santa Perez, 29, walked into the ground-floor lobby of a building in downtown Cincinnati shortly after 9 a.m. and opened fire. Within minutes, Perez was fatally wounded in a shootout with law enforcement officers responding to the scene.",3,2,5,Workplace,29,Yes,Yes,semiautomatic handgun,Latino,Male,39.101981,-84.511782,Mass,2018,0.793650794
Capital Gazette shooting,"Annapolis, Maryland",28/06/2018,"Jarrod W. Ramos, 38, shot through the glass doors of the paper’s newsroom around 3pm to carry out his attack; police quickly responding to the scene found him hiding under a desk and apprehended him. Ramos had harbored a longstanding grudge against the paper over a 2011 column that had detailed his guilty plea for the harassment of a former female classmate. Ramos had sued the paper for defamation and lost.",5,2,7,Workplace,38,Unclear,Yes,shotgun,White,Male,38.994548,-76.543657,Mass,2018,0.793650794
Santa Fe High School shooting,"Santa Fe, Texas",18/05/2018,"Dimitrios Pagourtzis, a 17-year-old student, opened fire at Santa Fe High School with a shotgun and .38 revolver owned by his father; Pagourtzis killed 10 and injured at least 13 others before surrendering to authorities after a standoff and additional gunfire inside the school. (Pagourtzis reportedly had intended to commit suicide.) Investigators also found undetonated explosive devices in the vicinity. (FURTHER DETAILS PENDING.)",10,13,23,School,17,Unclear,TBD,shotgun; .38 revolver,White,Male,29.392825,-95.141972,Mass,2018,0.793650794
Waffle House shooting,"Nashville, Tennessee",22/04/2018,"Travis Reinking, 29, opened fire around 3:30 a.m. in the parking lot of a Waffle House in Antioch, and continued shooting as he entered the restaurant. As he attempted to reload his AR-15, a bystander heroically wrestled the rifle away from Reinking, who then fled; he was captured by authorities the following day. Reinking had a history of erratic behavior and run-ins with law enforcement in his home state of Illinois, including claims that he was being stalked and harassed by pop star Taylor Swift. In July 2017, he was arrested at the White House after breaching security in an effort to speak with President Trump, reportedly claiming his right to do so as “a sovereign citizen.” ",4,4,8,Other,29,Yes,Yes,semiautomatic rifle,White,Male,36.052521,-86.616944,Mass,2018,0.793650794
Yountville veterans home shooting,"Yountville, California",9/03/2018,"Army veteran Albert Cheung Wong, 36, stormed a veterans home where he was previously under care, exchanging gunfire with a sheriff’s deputy and taking three women hostage, one of whom he’d previously threatened. After a standoff with law enforcement, he killed the three women and himself.",3,0,3,Workplace,36,Yes,Yes,semiautomatic rifle; shotgun,Asian,Male,38.392496,-122.366528,Mass,2018,0.793650794
Marjory Stoneman Douglas High School shooting,"Parkland, Florida",14/02/2018,"Nikolas J. Cruz, 19, heavily armed with an AR-15, tactical gear, and “countless magazines” of ammo, according to the Broward County Sheriff, attacked the high school as classes were ending for the day, killing at least 17 people and injuring many others. He was apprehended by authorities shortly after fleeing the campus.",17,17,34,School,19,Yes,Yes,semiautomatic rifle,White,Male,26.30483,-80.269511,Mass,2018,0.793650794
Pennsylvania carwash shooting,"Melcroft, Pennsylvania",28/01/2018,"Timothy O'Brien Smith, 28, wearing body armor and well-stocked with ammo, opened fire at a carwash early in the morning in this rural community, killing four people. A fifth victim, though not shot, suffered minor injuries. One of the deceased victims, 25-year-old Chelsie Cline, had been romantically involved with Smith and had broken off the relationship recently, according to her sister. Smith shot himself in the head and died later that night at the hospital.",4,1,5,Other,28,TBD,TBD,semiautomatic rifle and semiautomatic handgun,White,Male,40.052151,-79.389166,Mass,2018,0.793650794
Rancho Tehama shooting spree,"Rancho Tehama, California",14/11/2017,"Kevin Janson Neal, 44, went on an approximately 45-minute shooting spree in the rural community of Rancho Tehama Reserve in Northern California, including shooting up an elementary school, before being killed by law enforcement officers. Neal had also killed his wife at home.",5,10,15,Other,44,TBD,No,semiautomatic rifles,White,Male,40.018759,-122.393089,Spree,2017,0.793650794
Texas First Baptist Church massacre,"Sutherland Springs, Texas",5/11/2017,"Devin Patrick Kelley, a 26-year-old ex-US Air Force airman, opened fire at the First Baptist Church in Sutherland Springs during Sunday morning services, killing at least 26 people and wounding and injuring 20 others. He left the church and fled in his vehicle after engaging in a gunfight with a local citizen; he soon crashed his vehicle and died from a self-inflicted gunshot wound.",26,20,46,Religious,26,Yes,Yes,semiautomatic rifle,White,Male,29.273282,-98.056488,Mass,2017,0.793650794
Walmart shooting in suburban Denver,"Thornton, Colorado",1/11/2017,"Scott Allen Ostrem, 47, walked into a Walmart in a suburb north of Denver and fatally shot two men and a woman, then left the store and drove away. After an all-night manhunt, Ostrem, who had financial problems but no serious criminal history, was captured by police after being spotted near his apartment in Denver.",3,0,3,Other,47,Unclear,TBD,semiautomatic handgun,White,Male,39.876374,-104.986132,Mass,2017,0.793650794
Edgewood businees park shooting,"Edgewood, Maryland",18/10/2017,"Radee Labeeb Prince, 37, fatally shot three people and wounded two others around 9am at Advance Granite Solutions, a home remodeling business where he worked near Baltimore. Hours later he shot and wounded a sixth person at a car dealership in Wilmington, Delaware. He was apprehended that evening following a manhunt by authorities.",3,3,6,Workplace,37,Unclear,No,handgun,Black,Male,39.452189,-76.309988,Mass,2017,0.793650794
Las Vegas Strip massacre,"Las Vegas, Nevada",1/10/2017,"Stephen Craig Paddock, 64, fired a barrage of rapid gunfire—using semiautomatic rifles modified with ""bump stocks""—at thousands of concertgoers on the Las Vegas Strip late on a Sunday night; Paddock had positioned himself in a corner suite on the 32nd floor of the Mandalay Bay Resort and Casino, where he took aim from windows he'd smashed open. Police responding to the attack found Paddock inside the hotel suite, deceased from a self-inflicted gunshot.",58,546,604,Other,64,TBD,Yes,"23 firearms, mostly rifles; including scopes, and two modified for ""fully automatic"" firing; two were mounted on tripods",White,Male,36.095739,-115.171544,Mass,2017,0.793650794
San Francisco UPS shooting,"San Francisco, California",14/06/2017,"Jimmy Lam, 38, fatally shot three coworkers and wounded two others inside a UPS facility in San Francisco. Lam killed himself as law enforcement officers responded to the scene.",3,2,5,Workplace,38,Yes,No,two handguns,Asian,Male,37.765947,-122.406087,Mass,2017,0.793650794
Pennsylvania supermarket shooting,"Tunkhannock, Pennsylvania",7/06/2017,"Randy Stair, a 24-year-old worker at Weis grocery fatally shot three of his fellow employees. He reportedly fired 59 rounds with a pair of shotguns before turning the gun on himself as another co-worker fled the scene for help and law enforcement responded.",3,0,3,Workplace,24,Unclear,TBD,shotguns,White,Male,41.529546,-75.94722,Mass,2017,0.793650794
Florida awning manufacturer shooting,"Orlando, Florida",5/06/2017,"John Robert Neumann, Jr., 45, a former employee of manufacturer Fiamma Inc. fatally shot five workers at the company, and then killed himself on the scene. He'd been fired from the company in April. The attack took place a week before the one-year anniversary of the Orlando nightclub massacre.",5,0,5,Workplace,45,Unclear,TBD,semiautomatic handgun,Unknown,Male,28.580295,-81.294086,Mass,2017,0.793650794
Rural Ohio nursing home shooting,"Kirkersville, Ohio",12/05/2017,"Thomas Hartless, 43, shot and killed a former girlfriend and another employee of a nursing home, and fatally shot the Kirkersville police chief responding to the scene. Hartless' former girlfriend had recently obtained a court protection order against Hartless. Investigators later found more than 60 firearms in the home of Hartless, who was found dead at the scene of the attack, having turned his gun on himself, according to local authorities.",3,0,3,Workplace,43,Yes,TBD,"handgun, shotgun",White,Male,39.959034,-82.596508,Mass,2017,0.793650794
Fresno downtown shooting,"Fresno, California",18/04/2017,"Kori Ali Muhammad, 39, opened fire along a street in downtown Fresno, killing three people randomly in an alleged hate crime prior to being apprehended by police. Muhammad, who is black, killed three white victims and later described his attack as being racially motivated; he also reportedly yelled 'Allahu Akbar' at the time he was arrested, but authorities indicated they found no links to Islamist terrorism.",3,0,3,Other,39,Unclear,Unknown,handgun,Black,Male,36.746378,-119.800319,Mass,2017,0.793650794
Fort Lauderdale airport shooting,"Fort Lauderdale, Florida",6/01/2017,"Esteban Santiago, 26, flew from Alaska to Fort Lauderdale, where he opened fire in the baggage claim area of the airport, killing five and wounding six before police aprehended him. (Numerous other people were reportedly injured while fleeing during the panic.)",5,6,11,Airport,26,Yes,Yes,"semiautomatic handgun
",Latino,Male,26.072751,-80.143382,Mass,2017,0.793650794
Cascade Mall shooting,"Burlington, Washington",23/09/2016,"Arcan Cetin, 20, killed a teen girl and three women in the cosmetics section of a Macy’s department store at the Cascade Mall. A man was critically wounded in the shooting and taken to Harborview Medical Center in Seattle, where he died. Cetin was apprehended by police a few hours after the shooting while driving a car near his residence. ",5,0,5,Other,20,Yes,TBD,Rifle,Unknown,Male,48.461367,-122.337918,Mass,2016,0.793650794
Baton Rouge police shooting,"Baton Rouge, Lousiana",17/07/2016,"Gavin Long, 29, a former Marine who served in Iraq, killed three police offers responding to a 911 call, and wounded three others. He was killed in a shoot-out with other officers responding to the scene. Prior to the attack, Long posted prolifically on social media, where he expressed admiration for the cop killer in Dallas 10 days prior.",3,3,6,Other,29,Yes,Unknown,Two semiautomatic rifles; one semiautomatic handgun,Black,Male,30.433601,-91.081403,Spree,2016,0.793650794
Dallas police shooting,"Dallas, Texas",7/07/2016,"Micah Xavier Johnson, a 25-year-old Army veteran, targeted police at a peaceful Black Lives Matter protest, killing five officers and injuring nine others as well as two civilians. After a prolonged standoff in a downtown building, law enforcement killed Johnson using a robot-delivered bomb.",5,11,16,Other,25,Unclear,Yes,"Semiautomatic rifle, semiautomatic handguns",Black,Male,32.7801052,-96.8000082,Mass,2016,0.793650794
Orlando nightclub massacre,"Orlando, Florida",12/06/2016,"Omar Mateen, 29, attacked the Pulse nighclub in Orlando in the early morning hours of June 12. He was killed by law enforcement who raided the club after a prolonged standoff.",49,53,102,Other,29,Unclear,Yes,"Semiautomatic rifle, semiautomatic handgun",Other,Male,28.519718,-81.376777,Mass,2016,0.793650794
Excel Industries mass shooting,"Hesston, Kansas",25/02/2016,"Cedric L. Ford, who worked as a painter at a manufacturing company, shot victims from his car and at his workplace before being killed by police at the scene. Shortly before the rampage he had been served with a restraining order.",3,14,17,Workplace,38,Unclear,Yes,"Semiautomatic rifle, semiautomatic handgun",Black,Male,38.135992,-97.425145,Mass,2016,0.793650794
Kalamazoo shooting spree,"Kalamazoo County, Michigan",20/02/2016,"Jason B. Dalton, a driver for Uber, apparently selected his victims randomly as he went on a rampage over several hours in three different locations, including five people he shot in the parking lot of a Cracker Barrel restaurant. He was ""arrested without incident"" at a downtown Kalamazoo bar about six hours after the rampage began.",6,2,8,Other,45,Unclear,Yes,Semiautomatic handgun,White,Male,42.236689,-85.674795,Mass,2016,0.793650794
San Bernardino mass shooting,"San Bernardino, California",2/12/2015,"Syed Rizwan Farook left a Christmas party held at Inland Regional Center, later returning with Tashfeen Malik and the two opened fire, killing 14 and wounding 21, ten critically. The two were later killed by police as they fled in an SUV.",14,21,35,Unknown,100,Unclear,Unknown,"Two assault rifles and two semiUnknownautomatic pistols were used in the attack. Police found a remote controlled explosive device at the scene of the crime. At the home were 12 pipe bombs, 2,500 rounds for the ARUnknown15 variants, 2,000 rounds for the pistols, and several hundred for a .22 calibre rifle. In the suspects' car were an additional 1,400 rounds for the rifles and 200 for the handguns.",Other,Male & Female,34.075961,-117.27789,Mass,2015,0.793650794
Planned Parenthood clinic,"Colorado Springs, Colorado",27/11/2015,"Robert Lewis Dear, 57, shot and killed a police officer and two citizens when he opened fire at a Planned Parenthood health clinic in Colorado Springs, Colorado. Nine others were wounded. Dear was arrested after an hours-long standoff with police.",3,9,12,Workplace,57,Unclear,Unknown,Long gun,White,Male,38.881031,-104.849057,Mass,2015,0.793650794
Colorado Springs shooting rampage,"Colorado Springs, Colorado",31/10/2015,"Noah Harpham, 33, shot three people before dead in Colorado Springs before police killed him in a shootout.",3,0,3,Other,33,Unclear,Yes,Two handguns and a rifle,White ,Male,38.83755,-104.814251,Mass,2015,0.793650794
Umpqua Community College shooting,"Roseburg, Oregon",1/10/2015,26-year-old Chris Harper Mercer opened fire at Umpqua Community College in southwest Oregon. The gunman shot himself to death after being wounded in a shootout with police.,9,9,18,School,26,Unclear,Yes,"Five pistols, one rifle, five magazines of ammunition",Other,Male,43.289538,-123.333193,Mass,2015,0.793650794
Chattanooga military recruitment center,"Chattanooga, Tennessee",16/07/2015,"Kuwaiti-born Mohammod Youssuf Abdulazeez, 24, a naturalized US citizen, opened fire at a Naval reserve center, and then drove to a military recruitment office where he shot and killed four Marines and a Navy service member, and wounded a police officer and another military service member. He was then fatally shot in an exchange of gunfire with law enforcement officers responding to the attack.",5,2,7,Military,24,Unclear,Yes,"2 assault rifles; semiautomatic handgun
",Other,Male,35.047157,-85.311819,Mass,2015,0.793650794
Charleston Church Shooting,"Charleston, South Carolina",17/06/2015,"Dylann Storm Roof, 21, shot and killed 9 people after opening fire at the Emanuel AME Church in Charleston, South Carolina. According to a roommate, he had allegedly been “planning something like that for six months.""",9,1,10,Religious,21,Unclear,Yes,Handgun,White,Male,32.788387,-79.933143,Mass,2015,0.793650794
Trestle Trail bridge shooting,"Menasha, Wisconsin",11/06/2015,"Sergio Valencia del Toro, 27, in what officials say was a random act, shot and killed three people including an 11-year-old girl before turning the gun on himself.",3,1,4,Other,27,Yes,Yes,"Two handguns
",Latino,Male,44.204124,-88.467541,Mass,2015,0.793650794
Marysville-Pilchuck High School shooting,"Marysville, Washington",24/10/2014,"Jaylen Fryberg, 15, using a .40-caliber Berretta, shot five 
students at Marysville High School, including two of his cousins and three friends, killing all but one. Fryberg arranged to meet them for lunch in the school cafeteria by text. Fryberg was reportedly well-liked at the school and there was not believed to be any ill-will between him and his victims. He committed suicide at the scene.",5,1,6,School,15,Unclear,No,Handgun,Indigenous ,Male,48.050824,-122.176918,Mass,2014,0.793650794
Isla Vista mass murder,"Santa Barbara, California",23/05/2014,"Elliot Rodger, 22, shot three people to death in the college town of Isla Vista near the University of California, Santa Barbara. He also shot others as he drove around town, and injured others by striking them with is vehicle. He committed suicide by shooting himself in his car as police closed in. Prior to the rampage, Rodger stabbed three people to death at his apartment.",6,13,19,School,22,Yes,Yes,Three semiUnknownautomatic handguns and two hunting knives,White,Male,34.436283,-119.8714406,Mass,2014,0.793650794
Fort Hood shooting 2,"Fort Hood, Texas",3/04/2014,"Army Specialist Ivan Lopez, 34, opened fire at the Fort Hood Army Post in Texas, killing three and wounding at least 12 others before shooting himself in the head after engaging with military police. Lt. Gen. Mark A. Milley told reporters that Lopez ""had behavioral health and mental health"" issues.",3,12,15,Military,34,Unclear,Unknown,"handgun
",Latino,Male,31.141716,-97.777559,Mass,2014,0.793650794
Alturas tribal shooting,"Alturas, California",20/02/2014,"Cherie Lash Rhoades, 44, opened fire at the Cedarville Rancheria Tribal Office and Community Center, killing four and wounding two. After running out of ammunition, Rhoades grabbed a butcher knife and stabbed another person.",4,2,6,Other,44,Unclear,Unknown,Two handguns and a butcher knife,Indigenous ,Female,41.487104,-120.542237,Spree,2014,0.793650794
Washington Navy Yard shooting,"Washington, D.C.",16/09/2013,"Aaron Alexis, 34, a military veteran and contractor from Texas, opened fire in the Navy installation, killing 12 people and wounding 8 before being shot dead by police.",12,8,20,Military,34,Yes,Yes,"SawedUnknownoff shotgun, 2 boxes of shells; also a .45Unknowncaliber handgun taken from a security guard he shot at the scene.",Black,Male,38.874981,-76.99453,Mass,2013,0.793650794
Hialeah apartment shooting,"Hialeah, Florida",26/07/2013,"Pedro Vargas, 42, set fire to his apartment, killed six people in the complex, and held another two hostages at gunpoint before a SWAT team stormed the building and fatally shot him.",7,0,7,Unknown,42,Unclear,Yes,9mm semiUnknownautomatic handgun,Latino,Male,25.864338,-80.311775,Mass,2013,0.793650794
Santa Monica rampage,"Santa Monica, California",7/06/2013,"John Zawahri, 23, armed with a homemade assault rifle and high-capacity magazines, killed his brother and father at home and then headed to Santa Monica College, where he was eventually killed by police.",6,3,9,Unknown,23,Yes,Yes,"Assault rifle, high capacity magazines, antique handgun
",White,Male,34.008617,-118.494754,Mass,2013,0.793650794
Pinewood Village Apartment shooting,"Federal Way, Washington",21/04/2013,"Dennis Clark III, 27, shot and killed his girlfriend in their shared apartment, and then shot two witnesses in the building's parking lot and a third victim in another apartment, before being killed by police.",5,0,5,Unknown,27,No,Yes,"Semiautomatic handgun, shotgun",Black,Male,47.3129607,-122.3393665,Mass,2013,0.793650794
Mohawk Valley shootings,"Herkimer County, New York",13/03/2013,"Kurt Myers, 64, shot six people in neighboring towns, killing two in a barbershop and two at a car care business, before being killed by officers in a shootout after a nearly 19-hour standoff.",5,2,7,Other,64,No,Yes,Shotgun,White,Male,43.045601,-74.984891,Mass,2013,0.793650794
Sandy Hook Elementary massacre,"Newtown, Connecticut",14/12/2012,"Adam Lanza, 20, shot his mother dead at their home then drove to Sandy Hook Elementary school. He forced his way inside and opened fire, killing 20 children and six adults before committing suicide.",27,2,29,School,20,Yes,No,"Two semiautomatic handguns, one rifle (assault), one shotgun (assault)",White,Male,41.4123225,-73.31142358,Mass,2012,0.793650794
Accent Signage Systems shooting,"Minneapolis, Minnesota",27/09/2012,"Andrew Engeldinger, 36, upon learning he was being fired, went on a shooting rampage, killing the business owner, three fellow employees, and a UPS driver. He then killed himself.",7,1,8,Workplace,36,Yes,Yes,One semiautomatic handgun,White,Male,44.977425,-93.310408,Mass,2012,0.793650794
Sikh temple shooting,"Oak Creek, Wisconsin",5/08/2012,"U.S. Army veteran Wade Michael Page, 40, opened fire in a Sikh gurdwara before he died from a self-inflicted gunshot would during a shootout with police.",7,3,10,Religious,40,Yes,Yes,One semiautomatic handgun,White,Male,42.8858503,-87.8631362,Mass,2012,0.793650794
Aurora theater shooting,"Aurora, Colorado",20/07/2012,"James Holmes, 24, opened fire in a movie theater during the opening night of ""The Dark Night Rises"" and was later arrested outside.",12,70,82,Other,24,Yes,Yes,"Two semiautomatic handguns, one rifle (assault), one shotgun",White,Male,39.706038,-104.820594,Spree,2012,0.793650794
Seattle cafe shooting,"Seattle, Washington",20/05/2012,"Ian Stawicki, 40, gunned down four patrons at a cafe, and another person during a carjacking nearby, then shot himself as police closed in. (He died later that day in a Seattle hospital.)",6,1,7,Other,40,Yes,Yes,Two semiautomatic handguns,White,Male,47.6038321,-122.3300624,Mass,2012,0.793650794
Oikos University killings,"Oakland, California",2/04/2012,"One L. Goh, 43, a former student, opened fire in a nursing classroom. He fled the scene by car and was arrested nearby a few hours later.",7,3,10,School,43,Yes,Yes,One semiautomatic handgun,Asian,Male,37.8043808,-122.2708166,Mass,2012,0.793650794
Su Jung Health Sauna shooting,"Norcross, Georgia",21/02/2012,"Jeong Soo Paek, 59, returned to a Korean spa from which he'd been kicked out after an altercation. He gunned down two of his sisters and their husbands before committing suicide.",5,0,5,Other,59,Yes,Yes,One semiautomatic handgun,Asian,Male,33.9412127,-84.2135309,Mass,2012,0.793650794
Seal Beach shooting,"Seal Beach, California",12/10/2011,"Scott Evans Dekraai, 42, opened fire inside a hair salon and was later arrested. Victims killed in the attack included his ex-wife, who Dekraai had a history of violently abusing, according to court records. The two had also been involved in a bitter custody battle.",8,1,9,Other,42,Yes,Yes,"Two semiautomatic handguns, one revolver",White,Male,33.741176,-118.1046356,Mass,2011,0.793650794
IHOP shooting,"Carson City, Nevada",6/09/2011,"Eduardo Sencion, 32, opened fire at an International House of Pancakes restaurant and later died from a self-inflicted gunshot wound.",5,7,12,Other,32,Yes,Yes,"Two rifles (both assault), one revolver",Latino,Male,39.1637984,-119.7674034,Mass,2011,0.793650794
Tucson shooting,"Tucson, Arizona",8/01/2011,"Jared Loughner, 22, opened fire outside a Safeway during a constituent meeting with Congresswoman Gabrielle Giffords (D-Ariz.) before he was subdued by bystanders and arrested.",6,13,19,Other,22,Yes,Yes,One semiautomatic handgun,White,Male,32.335941,-110.975132,Mass,2011,0.793650794
Hartford Beer Distributor shooting,"Manchester, Connecticut",3/08/2010,"Omar S. Thornton, 34, shot up his Hartford Beer Distributor workplace after facing disciplinary issues, then committed suicide.",9,2,11,Workplace,34,No,Yes,Two semiautomatic handguns,Black,Male,41.798764,-72.570068,Mass,2010,0.793650794
Coffee shop police killings,"Parkland, Washington",29/11/2009,"Maurice Clemmons, 37, a felon who was out on bail for child-rape charges, entered a coffee shop on a Sunday morning and shot four police officers who had gone there to use their laptops before their shifts. Clemmons, who was wounded fleeing the scene, was later shot dead by a police officer in Seattle after a two-day manhunt.",4,1,5,Other,37,Yes,No,One semiautomatic handgun,Black,Male,47.15277,-122.467308,Mass,2009,0.793650794
Fort Hood massacre,"Fort Hood, Texas",5/11/2009,"Army psychiatrist Nidal Malik Hasan, 39, opened fire on an Army base in an attack linked to Islamist extremism. Hasan was injured during the attack and later arrested.",13,31,44,Military,39,Unclear,Yes,One semiautomatic handgun,Other,Male,31.135557,-97.783664,Mass,2009,0.793650794
Binghamton shootings,"Binghamton, New York",3/04/2009,"Jiverly Wong, 41, opened fire at an American Civic Association center for immigrants before committing suicide.",14,4,18,Other,41,Yes,Yes,Two semiautomatic handguns,Asian,Male,42.099802,-75.917723,Mass,2009,0.793650794
Carthage nursing home shooting,"Carthage, North Carolina",29/03/2009,"Robert Stewart, 45, opened fire at a nursing home where his estranged wife worked before he was shot and arrested by a police officer.",8,3,11,Other,45,Yes,Yes,"One revolver, one shotgun",White,Male,35.333434,-79.414592,Mass,2009,0.793650794
Atlantis Plastics shooting,"Henderson, Kentucky",25/06/2008,"Disgruntled employee Wesley Neal Higdon, 25, shot up an Atlantis Plastics factory after he was escorted out of his workplace for an argument with a supervisor. Higdon shot the supervisor outside the factory before opening fire on coworkers inside. He then committed suicide.",6,1,7,Workplace,25,No,Yes,One semiautomatic handgun,White,Male,37.76721,-87.5573742,Spree,2008,0.793650794
Northern Illinois University shooting,"DeKalb, Illinois",14/02/2008,"Steven Kazmierczak, 27, opened fire in a lecture hall, then shot and killed himself before police arrived.",5,21,26,School,27,Yes,Yes,"Three semiautomatic handguns, one shotgun",White,Male,41.9294736,-88.7503647,Mass,2008,0.793650794
Kirkwood City Council shooting,"Kirkwood, Missouri",7/02/2008,"Charles ""Cookie"" Lee Thornton, 52, went on a rampage at the city hall before being shot and killed by police.",6,2,8,Other,52,No,No,"One semiautomatic handgun, one revolver",Black,Male,38.580093,-90.40691,Mass,2008,0.793650794
Westroads Mall shooting,"Omaha, Nebraska",5/12/2007,"Robert A. Hawkins, 19, opened fire inside Westroads Mall before committing suicide.",9,4,13,Other,19,Yes,No,One rifle (assault),White,Male,41.265719,-96.067495,Spree,2007,0.793650794
Crandon shooting,"Crandon, Wisconsin",7/10/2007,"Off-duty sheriff's deputy Tyler Peterson, 20, opened fire inside an apartment after an argument at a homecoming party. He fled the scene and later committed suicide.",6,1,7,Other,20,Unclear,Yes,One rifle (assault),White,Male,45.5719072,-88.9028922,Mass,2007,0.793650794
Virginia Tech massacre,"Blacksburg, Virginia",16/04/2007,"Virginia Tech student Seung-Hui Cho, 23, opened fire on his school's campus before committing suicide.",32,23,55,School,23,Yes,Yes,Two semiautomatic handguns,Asian,Male,37.2295733,-80.4139393,Mass,2007,0.793650794
Trolley Square shooting,"Salt Lake City, Utah",12/02/2007,"Sulejman Talović, 18, rampaged through the shopping center until he was shot dead by police.",6,4,10,Other,18,Unclear,Unknown,"One revolver, one shotgun",White,Male,40.7606467,-111.89109,Mass,2007,0.793650794
Amish school shooting,"Lancaster County, Pennsylvania",2/10/2006,"Charles Carl Roberts, 32, shot 10 young girls in a one-room schoolhouse in Bart Township, killing 5, before taking his own life.",6,5,11,School,32,No,Yes,"One semiautomatic handgun, one rifle, one shotgun",White,Male,39.9589,-76.0806,Mass,2006,0.793650794
Capitol Hill massacre,"Seattle, Washington",25/03/2006,"Kyle Aaron Huff, 28, opened fire at a rave afterparty in the Capitol Hill neighborhood of Seattle before committing suicide.",7,2,9,Other,28,No,Yes,"Two semiautomatic handguns, one rifle (assault), one shotgun",White,Male,47.6229,-122.3165,Mass,2006,0.793650794
Goleta postal shootings,"Goleta, California",30/01/2006,"Former postal worker Jennifer Sanmarco, 44, shot dead a former neighbor then drove to the mail processing plant where she used to work. Inside, she opened fire, killing six employees before committing suicide.",8,0,8,Workplace,44,Yes,Yes,One semiautomatic handgun,White,Female,34.425571,-119.866069,Mass,2006,0.793650794
Red Lake massacre,"Red Lake, Minnesota",21/03/2005,"Jeffrey Weise, 16, murdered his grandfather, who was a police officer, and grandfather's girlfriend. Weise then drove his grandfather's squad car to Red Lake Senior High School and opened fire on the reservation campus, killing another seven people before committing suicide.",10,5,15,School,16,Yes,No,"Two semiautomatic handguns, one shotgun",Indigenous ,Male,47.876346,-95.0169401,Mass,2005,0.793650794
Living Church of God shooting,"Brookfield, Wisconsin",12/03/2005,"Living Church of God member Terry Michael Ratzmann, 44, opened fire at a church meeting at a Sheraton hotel before committing suicide.",7,4,11,Religious,44,Yes,Yes,One semiautomatic handgun,White,Male,43.0605671,-88.1064787,Spree,2005,0.793650794
Damageplan show shooting,"Columbus, Ohio",8/12/2004,"Nathan Gale, 25, possibly upset about the breakup of Pantera, gunned down former Pantera guitarist Dimebag Darrell and three others at a Damageplan show before a police officer fatally shot Gale.",5,7,12,Other,25,Yes,Yes,One semiautomatic handgun,White,Male,39.9622601,-83.0007065,Mass,2004,0.793650794
Lockheed Martin shooting,"Meridian, Mississippi",8/07/2003,"Assembly line worker Douglas Williams, 48, opened fire at his Lockheed Martin workplace in a racially motivated attack before committing suicide.",7,8,15,Workplace,48,Yes,Yes,"One semiautomatic handgun, two rifles, one derringer, one shotgun",White,Male,32.410842,-88.634539,Mass,2003,0.793650794
Navistar shooting,"Melrose Park, Illinois",5/02/2001,"Fired employee William D. Baker, 66, opened fire at his former Navistar workplace before committing suicide.",5,4,9,Workplace,66,No,Yes,"Two rifles, one revolver, one shotgun",Black,Male,41.908163,-87.879908,Mass,2001,0.793650794
Wakefield massacre,"Wakefield, Massachusetts",26/12/2000,"Michael McDermott, 42, opened fire on co-workers at Edgewater Technology and was later arrested.",7,0,7,Workplace,42,Yes,Yes,"One semiautomatic handgun, one rifle (assault), one shotgun",White,Male,42.500429,-71.075913,Mass,2000,0.793650794
Hotel shooting,"Tampa, Florida",30/12/1999,"Hotel employee Silvio Leyva, 36, gunned down four coworkers at the Radisson Bay Harbor Inn before killing a woman outside who refused to give him her car. He was arrested shortly after the shootings.",5,3,8,Workplace,36,Yes,Yes,"One semiautomatic handgun, one revolver",Latino,Male,27.966479,-82.570586,Spree,1999,0.793650794
Xerox killings,"Honolulu, Hawaii",2/11/1999,"Byran Koji Uyesugi, 40, a Xerox service technician, opened fire inside the building with a 9mm Glock. He fled and was later apprehended by police.",7,0,7,Workplace,40,Yes,Yes,One semiautomatic handgun,Asian,Male,21.320063,-157.876462,Spree,1999,0.793650794
Wedgwood Baptist Church shooting,"Fort Worth, Texas",15/09/1999,"Larry Gene Ashbrook, 47, opened fire inside the Wedgwood Baptist Church during a prayer rally before committing suicide.",8,7,15,Religious,47,Yes,Yes,Two semiautomatic handguns,White,Male,32.664511,-97.384246,Mass,1999,0.793650794
Atlanta day trading spree killings,"Atlanta, Georgia",29/07/1999,"Day trader Mark O. Barton, 44, who had recently lost a substantial sum of money, went on a shooting spree through two day-trading firms. He started at the All-Tech Investment Group, where he worked, then went on to Momentum Securities. He fled and hours later, after being cornered by police outside a gas station, committed suicide. (Two days before the spree, he killed his wife and two children with a hammer.)",9,13,22,Workplace,44,Yes,Yes,"Three semiautomatic handguns, one revolver",White,Male,33.850116,-84.377839,Mass,1999,0.793650794
Columbine High School massacre,"Littleton, Colorado",20/04/1999,"Eric Harris, 18, and Dylan Klebold, 17, opened fire throughout Columbine High School before committing suicide.",13,24,37,School,17,Yes,No,"One semiautomatic handgun (assault), one rifle (assault), two shotguns",White,Male,39.604034,-105.074103,Mass,1999,0.793650794
Thurston High School shooting,"Springfield, Oregon",21/05/1998,"After he was expelled for having a gun in his locker, Kipland P. Kinkel, 15, a freshman at Thurston High, went on a shooting spree, killing his parents at home and two students at school. Five classmates wrestled Kipland to the ground before he was arrested.   ",4,25,29,School,15,Yes,No,"Two semiautomatic handguns, one rifle",White,Male,44.0462362,-123.0220289,Mass,1998,0.793650794
Westside Middle School killings,"Jonesboro, Arkansas",24/03/1998,"Mitchell Scott Johnson, 13, and Andrew Douglas Golden, 11, two juveniles, ambushed students and teachers as they left the school; they were apprehended by police at the scene.",5,10,15,School,11,No,No,"Two semiautomatic handguns, two rifles, three revolvers, two derringers",White,Male,35.8209895,-90.6682606,Mass,1998,0.793650794
Connecticut Lottery shooting,"Newington, Connecticut",6/03/1998,"Lottery worker Matthew Beck, 35, gunned down four bosses over a salary dispute before committing suicide.",5,1,6,Workplace,35,Yes,Yes,One semiautomatic handgun,White,Male,41.6856325,-72.72983827,Mass,1998,0.793650794
Caltrans maintenance yard shooting,"Orange, California",18/12/1997,"Former Caltrans employee Arturo Reyes Torres, 41, opened fire at a maintenance yard after he was fired for allegedly selling government materials he'd stolen from work. He was shot dead by police.",5,2,7,Workplace,41,No,Yes,One rifle (assault),Latino,Male,33.7877944,-117.8531119,Spree,1997,0.793650794
R.E. Phelon Company shooting,"Aiken, South Carolina",15/09/1997,"Ex-con Hastings Arthur Wise, 43, opened fire at the R.E. Phelon Company in retaliation for being fired after an argument with a supervisor. He attempted suicide by ingesting insecticide, failed, and was executed by the state of South Carolina eight years later.",4,3,7,Workplace,43,No,No,One semiautomatic handgun,Black,Male,33.5598586,-81.721952,Mass,1997,0.793650794
Fort Lauderdale revenge shooting,"Fort Lauderdale, Florida",9/02/1996,"Fired city park employee Clifton McCree, 41, opened fire on former coworkers he called ""racist devils"" inside their municipal trailer in an act of revenge after failing a drug test. He then committed suicide.",6,1,7,Workplace,41,Yes,Yes,"One semiautomatic handgun, one revolver",Black,Male,26.119269,-80.104119,Spree,1996,0.793650794
Walter Rossler Company massacre,"Corpus Christi, Texas",3/04/1995,"Disgruntled former metallurgist James Daniel Simpson, 28, opened fire throughout the Walter Rossler Company where he had worked before exiting the building and committing suicide.",6,0,6,Workplace,28,No,Yes,"One semiautomatic handgun, one revolver",Unknown,Male,27.828025,-97.548198,Mass,1995,0.793650794
Air Force base shooting,"Fairchild Air Force Base, Washington",20/06/1994,"Former airman Dean Allen Mellberg, 20, opened fire inside a hospital at the Fairchild Air Force Base before he was shot dead by a military police officer outside.",5,23,28,Military,20,Yes,Yes,One rifle (assault),White,Male,47.61864486,-117.6483587,Mass,1994,0.793650794
Chuck E. Cheese's killings,"Aurora, Colorado",14/12/1993,"Nathan Dunlap, 19, a recently fired Chuck E. Cheese's employee, went on a rampage through his former workplace and was arrested the following day. He now awaits execution on death row.",4,1,5,Workplace,19,Unclear,Unknown,One semiautomatic handgun,Black,Male,39.675599,-104.844845,Mass,1993,0.793650794
Long Island Rail Road massacre,"Garden City, New York",7/12/1993,"Colin Ferguson, 35, opened fire on an eastbound Long Island Rail Road train as it approached a Garden City station. He was later arrested.",6,19,25,Other,35,Yes,Yes,One semiautomatic handgun,Black,Male,40.7267682,-73.6342955,Spree,1993,0.793650794
Luigi's shooting,"Fayetteville, North Carolina",6/08/1993,"Army Sgt. Kenneth Junior French, 22, opened fire inside Luigi's Italian restaurant while ranting about gays in the military before he was shot and arrested by police.",4,8,12,Other,22,No,Yes,"One rifle, two shotguns",White,Male,35.0529931,-78.8787058,Mass,1993,0.793650794
101 California Street shootings,"San Francisco, California",1/07/1993,"Failed businessman Gian Luigi Ferri, 55, opened fire throughout an office building before he committed suicide inside as police pursued him.",9,6,15,Other,55,No,No,Three semiautomatic handguns (two assault),White,Male,37.792968,-122.397973,Mass,1993,0.793650794
Watkins Glen killings,"Watkins Glen, New York",15/10/1992,"John T. Miller, 50, killed four child-support workers in a county office building before turning the gun on himself.  Miller was upset about a court order garnishing his paycheck to cover overdue child-support payments.",5,0,5,Other,50,Yes,Yes,One semiautomatic handgun,White,Male,42.3810555,-76.8705777,Mass,1992,0.793650794
Lindhurst High School shooting,"Olivehurst, California",1/05/1992,"Former Lindhurst High School student Eric Houston, 20, angry about various personal failings, killed three students and a teacher at the school before surrendering to police after an eight-hour standoff. He was later sentenced to death.",4,10,14,School,20,No,Yes,"One rifle, one shotgun",White,Male,39.07868761,-121.5475762,Mass,1992,0.793650794
Royal Oak postal shootings,"Royal Oak, Michigan",14/11/1991,"Laid-off postal worker Thomas McIlvane, 31, opened fire at his former workplace before committing suicide.",5,5,10,Workplace,31,Yes,Yes,One rifle,White,Male,42.4894801,-83.1446485,Mass,1991,0.793650794
University of Iowa shooting,"Iowa City, Iowa",1/11/1991,"Former graduate student Gang Lu, 28, went on a rampage on campus and then committed suicide at the scene.",6,1,7,School,28,Unclear,Yes,One revolver,Asian,Male,41.6606893,-91.5302214,Spree,1991,0.793650794
Luby's massacre,"Killeen, Texas",16/10/1991,"George Hennard, 35, drove his pickup truck into a Luby's cafeteria and opened fire before committing suicide.",24,20,44,Other,35,No,Yes,Two semiautomatic handguns,White,Male,31.1171194,-97.7277959,Mass,1991,0.793650794
GMAC massacre,"Jacksonville, Florida",18/06/1990,"James Edward Pough, 42, opened fire at a General Motors Acceptance Corporation office before committing suicide. (The day prior, Pough killed a pimp and prostitute and injured two others. Those victims are not included in the mass murder count.)",10,4,14,Other,42,No,Yes,"One rifle, one revolver",Black,Male,30.3321838,-81.655651,Mass,1990,0.793650794
Standard Gravure shooting,"Louisville, Kentucky",14/09/1989,"Joseph T. Wesbecker, 47, gunned down eight people at his former workplace before committing suicide.",9,12,21,Workplace,47,Yes,Yes,"Three semiautomatic handguns (two assault), one rifle (assault), one revolver",White,Male,38.2542376,-85.759407,Mass,1989,0.793650794
Stockton schoolyard shooting,"Stockton, California",17/01/1989,"Patrick Purdy, 26, an alcoholic with a police record, launched an assault at Cleveland Elementary School, where many young Southeast Asian immigrants were enrolled. Purdy killed himself with a shot to the head.",6,29,35,School,26,Yes,Yes,"One semiautomatic handgun, one rifle (assault)",White,Male,37.9577016,-121.2907796,Mass,1989,0.793650794
ESL shooting,"Sunnyvale, California",16/02/1988,"Former ESL Incorporated employee Richard Farley, 39, gunned down seven people at his former workplace, after stalking and harassing a coworker he was romantically interested in. He was later arrested and now sits on death row at San Quentin.",7,4,11,Workplace,39,Yes,Yes,"Two semiautomatic handguns, one rifle, two revolvers, two shotguns",White,Male,37.3688301,-122.0363496,Mass,1988,0.793650794
Shopping centers spree killings,"Palm Bay, Florida",23/04/1987,"Retired librarian William Cruse, 59, was paranoid neighbors gossiped that he was gay. He drove to a Publix supermarket, killing two Florida Tech students en route before opening fire outside and killing a woman. He then drove to a Winn-Dixie supermarket and killed three more, including two police officers. Cruse was arrested after taking a hostage and died on death row in 2009.",6,14,20,Other,59,Yes,Yes,"One rifle, one revolver, one shotgun",White,Male,28.0331886,-80.6429695,Spree,1987,0.793650794
United States Postal Service shooting,"Edmond, Oklahoma",20/08/1986,"Postal worker Patrick Sherrill, 44, opened fire at a post office before committing suicide.",15,6,21,Workplace,44,Unclear,Yes,Three semiautomatic handguns,White,Male,35.6672015,-97.42937037,Mass,1986,0.793650794
San Ysidro McDonald's massacre,"San Ysidro, California",18/07/1984,"James Oliver Huberty, 41, opened fire in a McDonald's restaurant before he was shot dead by a police officer.",22,19,41,Other,41,Yes,Yes,"One semiautomatic handgun, one rifle (assault), one shotgun",White,Male,32.5520013,-117.0430813,Mass,1984,0.793650794
Dallas nightclub shooting,"Dallas, Texas",29/06/1984,"Abdelkrim Belachheb, 39, opened fire at an upscale nightclub after a woman rejected his advances. He was later arrested.",6,1,7,Other,39,Yes,No,One semiautomatic handgun,White,Male,32.925166,-96.838676,Mass,1984,0.793650794
Welding shop shooting,"Miami, Florida",20/08/1982,"Junior high school teacher Carl Robert Brown, 51, opened fire inside a welding shop and was later shot dead by a witness as he fled the scene.",8,3,11,Other,51,Yes,Yes,One shotgun,White,Male,25.796491,-80.226683,Mass,1982,0.793650794
